,#:,Type,HP,ATK,DEF,SPA,SPD,SPE,BST,ABILITIES,Hidden Ability, Evolution,Held Item
Treecko,1,Grass,40,65,35,45,55,70,310,"Overgrow, Unburden",Sharpness,,
Grovyle,2,Grass/Dragon,50,85,45,65,65,95,405,"Overgrow, Unburden",Sharpness,Level 16,
Sceptile,3,Grass/Dragon,70,110,65,85,85,115,530,"Overgrow, Unburden",Sharpness,Level 36,
Torchic,4,Fire,45,60,40,70,50,45,310,"Blaze, Defiant",Speed Boost,,
Combusken,5,Fire/Fighting,60,85,60,85,60,55,405,"Blaze, Defiant",Speed Boost,Level 16,
Blaziken,6,Fire/Fighting,80,120,70,110,70,80,530,"Blaze, Defiant",Athletic,Level 36,
Mudkip,7,Water,50,70,50,50,50,40,310,"Torrent, Damp",Water Compaction ,,
Marchstomp,8,Water/Ground,70,85,70,60,70,50,405,"Torrent, Damp",Water Compaction ,Level 16,
Swampert,9,Water/Ground,100,110,90,85,90,60,535,"Torrent, Damp",Water Compaction ,Level 36,
Poochyena,10,Dark,35,55,35,30,30,35,220,"Run Away, Quick Feet",Moxie,,
Mightyena,11,Dark,76,100,70,60,60,74,440,"Intimidate, Quick Feet",Moxie,Level 18,
Zigzagoon,12,Normal,38,30,41,30,41,60,240,"Pickup, Gluttony",Quick Feet,,
Linoone,13,Normal,78,75,61,50,66,100,430,"Pickup, Gluttony",Quick Feet,Level 20,
Wurmple,14,Bug,45,45,35,20,30,20,195,Shield Dust,Run Away,,
Silcoon,15,Bug,50,35,55,25,25,15,205,Shed Skin,N/A,Level 7 ,
Beautifly,16,Bug/Flying,60,50,60,115,70,85,440,Swarm,Rivalry ,Level 10,
Cascoon,17,Bug,50,35,55,25,25,15,205,Shed Skin,N/A,Level 7 ,
Dustox,18,Bug/Poison,80,65,90,50,90,65,440,Unaware,Compound Eyes,Level 10,
Lotad,19,Water/Grass,40,30,30,40,50,30,220,"Swift Swim, Rain Dish",Own Tempo,,
Lombre,20,Water/Grass,60,50,50,60,70,50,340,"Swift Swim, Rain Dish",Grass Pelt,Level 14,
Ludicolo,21,Water/Grass,100,70,70,90,100,70,500,"Swift Swim, Rain Dish",Grass Pelt,Water Stone,
Seedot,22,Grass,40,40,50,30,30,30,220,"Chlorophyll, Early Bird",Pickpocket,,
Nuzlead,23,Gras/Dark,70,70,40,60,40,60,340,"Chlorophyll, Early Bird",Pickpocket,Level 14,
Shiftry,24,Grass/Dark,100,100,60,90,60,90,500,"Chlorophyll, Wind Rider",Pickpocket ,Leaf Stone,
Tailow,25,Normal/Flying,40,55,30,30,30,85,270,Guts,Scrappy,,
Swellow,26,Normal/Flying,60,90,60,70,50,125,455,Guts,Scrappy,Level 22,
Wingull,27,Water/Flying,40,30,30,55,30,85,270,"Keen Eye, Hydration",Rain Dish ,,
Pelipper,28,Water/Flying,75,50,100,95,75,65,460,"Keen Eye, Drizzle",Rain Dish ,Level 25,
Ralts ,29,Psychic/Fairy,28,25,25,45,35,40,198,"Synchronize, Trace",Telepathy ,,
Kirlia,30,Psychic/Fairy,38,35,35,65,55,50,278,"Synchronize, Trace",Telepathy,Level 20,
Gardevoir,31,Psychic/Fairy,68,65,65,125,115,80,518,"Synchronize, Trace",Telepathy ,Level 30,
Gallade,32,Psychic/Fighting,68,125,65,65,115,80,518,"Steadfast, Sharpness",Justified,Dawn Stone,
Surskit,33,Bug/Water,45,30,32,50,52,65,274,"Swift Swim, Water Power",Rain Dish,,
Masquerain,34,Bug/Water,80,60,62,100,82,80,464,"Intimidate, Water Power",Rain Dish,Level 22,
Shroomish,35,Grass,60,40,60,40,60,35,295,"Effect Spore, Poison Heal",Quick Feet ,,
Breloom,36,Grass/Fighting,60,120,80,60,66,74,460,"Effect Spore, Poison Heal",Technician ,Level 23,
Slakoth,37,Normal,60,60,60,35,35,30,280,Truant,Slow Start,,
Vigoroth,38,Normal,95,85,80,55,55,90,460,Vital Spirit,Mind's Eye,Level 18,
Slaking,39,Normal,150,160,100,95,65,80,650,Truant,Slow Start,Level 36,
Nincada,40,Bug/Ground,31,45,90,30,30,40,266,Compound Eyes,Run Away,,
Ninjask,41,Bug/Dark,61,90,55,50,50,160,466,"Speed Boost, Sharpness",Infiltrator,Level 20,
Shedinja,42,Bug/Ghost,1,90,45,30,30,40,236,Wonder Guard,N/A,"Level 20, have <6 party members, and have a Poke Ball",
Whismur,43,Normal,64,46,23,56,23,28,240,Soundproof,Rattled,,
Loudred,44,Normal,84,66,43,76,43,48,360,Soundproof,Scrappy,Level 20,
Exploud,45,Normal,104,81,63,106,73,68,495,Soundproof,Scrappy,Level 40,
Makuhita,46,Fighting,72,60,30,20,30,25,237,"Thick Fat, Guts",Sheer Force,,
Hariyama,47,Fighting,144,120,60,40,60,50,474,"Thick Fat, Guts",Sheer Force ,Level 24,
Nosepass,48,Rock,30,45,135,45,90,30,375,"Sturdy, Magnet Pull",Sand Force,,
Probopass,49,Rock/Steel,60,50,145,80,150,40,525,"Sturdy, Magnet Pull",Sand Force,Thunder Stone,
Skitty,50,Normal,65,45,45,35,35,50,275,"Cute Charm, Normalize",Wonder Skin,,
Delcatty,51,Normal,95,55,70,75,70,90,455,"Cute Charm, Normalize",Wonder Skin,Moon Stone,
Sableye,52,Dark/Ghost,60,85,75,65,65,50,400,"Keen Eye, Stall",Prankster,,
Mawile,53,Steel/Fairy,50,85,85,55,65,50,390,"Hyper Cutter, Intimidate",Huge Power,,
Aron,54,Steel/Rock,50,70,100,40,40,30,330,"Sturdy, Rock Head",Heavy Metal,,
Lairon,55,Steel/Rock,60,90,140,50,50,40,430,"Sturdy, Rock Head",Heavy Metal,Level 32,
Aggron,56,Steel/Dragon,70,110,180,60,60,50,530,"Sturdy, Rock Head",Heavy Metal,Level 42,
Meditite,57,Fighting/Psychic,40,40,55,50,65,60,310,Pure Power,Telepathy ,,
Medicham,58,Fighting/Psychic,80,63,75,72,78,82,450,Athletic,Pure Power,Level 30,
Electrike,59,Electric,40,45,40,65,40,65,295,"Static, Lightning Rod",Electric Surge,,
Manectric,60,Electric,70,85,60,105,60,115,495,"Static, Lightning Rod",Electric Surge,Level 26,
Plusle,61,Electric,80,40,90,50,90,50,400,Plus,Lightning Rod,,
Minun,62,Electric,60,40,55,95,55,100,405,Minus,Volt Absorb,,
Volbeat,63,Bug/Electric,70,83,75,47,85,85,445,"Illuminate, Swarm",Prankster ,,
Illumise,64,Bug/Fairy,75,47,80,73,85,85,445,"Oblivious, Tinted Lens",Prankster ,,
Budew,65,Grass/Poison,40,30,35,50,70,55,280,"Natural Cure, Poison Point",Leaf Guard,,
Roselia,66,Grass/Poison,50,60,45,100,80,65,400,"Natural Cure, Poison Point",Leaf Guard,Level with High Friendship,
Roserade,67,Grass/Poison,75,80,65,120,105,75,520,"Natural Cure, Poison Point",Technician ,Shiny Stone,
Gulpin,68,Poison,70,43,53,43,53,40,302,"Liquid Ooze, Sticky Hold",Gluttony ,,
Swalot,69,Poison,110,73,93,73,93,55,497,"Liquid Ooze, Sticky Hold",Gluttony ,Level 26,
Carvanha,70,Water/Dark,45,90,20,65,20,65,305,Rough Skin,Speed Boost ,,
Sharpedo,71,Water/Dark,70,120,40,95,40,105,470,Rough Skin,Speed Boost ,Level 30,
Wailmer,72,Water,130,70,35,70,35,60,400,"Water Veil, Oblivious",Liquid Voice,,
Wailord,73,Water,170,85,45,95,45,60,500,"Water Veil, Oblivious",Liquid Voice,Level 40,
Numel,74,Fire/Ground,60,60,40,65,45,35,305,"Oblivious, Simple",Own Tempo,,
Camerupt,75,Fire/Ground,85,95,70,100,75,40,465,"Magma Armor, Solid Rock",Anger Point,Level 33,
Torkoal,76,Fire,70,85,140,85,70,20,470,"White Smoke, Drought",Shell Armor,,
Spoink ,77,Psychic,65,25,35,70,80,60,335,"Thick Fat, Own Tempo",Gluttony ,,
Grumpig,78,Psychic,95,45,60,90,110,75,475,"Thick Fat, Own Tempo",Gluttony ,Level 32,
Spinda,79,Normal,75,60,70,60,70,60,395,"Own Tempo, Tangled Feet",Contrary,,
Trapinch,80,Ground,45,100,45,45,45,10,290,"Hyper Cutter, Arena Trap",Sheer Force ,,
Vibrava,81,Ground/Dragon,50,75,55,50,55,85,370,Levitate,Sheer Force ,Level 22,
Flygon,82,Ground/Dragon,80,110,80,75,80,100,525,Levitate,Sheer Force ,Level 45,
Cacnea,83,Grass,50,85,40,85,40,35,335,Sand Veil,Water Absorb,,
Cacturne,84,Grass/Dark,70,115,70,115,70,45,485,Sand Veil,Water Absorb ,Level 32,
Swablu,85,Flying/Fairy,50,40,65,50,75,50,330,"Natural Cure, Pixilate",Fluffy,,
Altaria,86,Dragon/Fairy,95,75,85,80,105,80,520,"Natural Cure, Pixilate",Fluffy,Level 35,
Zangoose,87,Normal,80,125,60,60,60,100,485,"Immunity, Sharpness",Toxic Boost,,
Seviper,88,Poison,73,100,75,100,70,77,495,"Shed Skin, Strong Jaw",Infiltrator,,
Lunatone,89,Rock/Psychic,90,55,65,105,85,70,470,Levitate,N/A,,
Solrock,90,Rock/Psychic,90,105,85,55,65,70,470,Levitate,N/A,,
Barboach,91,Water/Ground,50,48,43,46,41,60,288,"Oblivious, Anticipation",Hydration ,,
Whiscash,92,Water/Ground,110,78,73,76,71,60,468,"Oblivious, Anticipation",Hydration ,Level 30,
Corphish,93,Water,43,60,65,50,35,35,288,"Hyper Cutter, Shell Armor",Adaptability ,,
Crawdaunt,94,Water/Dark,63,120,90,90,55,55,473,"Hyper Cutter, Shell Armor",Adaptability ,Level 30,
Baltoy,95,Ground/Psychic,50,40,55,40,70,55,310,Levitate,Hustle,,
Claydol,96,Ground/Psychic,75,65,105,70,120,75,510,Levitate,Huge Power,Level 36,
Lileep,97,Rock/Grass,71,41,77,61,87,23,360,Suction Cups,Storm Drain,,
Cradily,98,Rock/Grass,96,81,97,81,107,43,505,Suction Cups,Storm Drain,Level 40,
Anorith,99,Rock/Bug,50,95,50,40,50,75,360,Battle Armor,Water Power,,
Armaldo,100,Rock/Bug,85,125,100,70,80,45,505,Battle Armor,Water Power ,Level 40,
Feebas,101,Water,20,15,20,10,55,80,200,"Swift Swim, Oblivious",Adaptability ,,
Milotic,102,Water/Fairy,105,60,79,100,125,81,550,"Marvel Scale, Competitive",Cute Charm,"Prism Scale, or Level up with High Beauty",
Castform,103,Normal,80,80,80,80,80,80,480,Forecast,N/A,,
Kecleon,104,Normal,75,90,75,60,120,30,450,"Color Change, Protean",Prism Armor,,
Shuppet,105,Ghost/Normal,54,75,45,63,43,45,325,"Insomnia, Frisk",Cursed Body,,
Banette,106,Ghost/Normal,74,115,75,53,73,75,465,"Insomnia, Frisk",Cursed Body,Level 28,
Duskull,107,Ghost,20,40,90,30,90,25,295,Levitate,Frisk,,
Dusclops,108,Ghost,50,70,130,60,130,25,465,Pressure,Frisk,Level 30,
Dusknoir,109,Ghost,60,100,135,65,135,45,540,Pressure,Frisk,Reaper Cloth,
Tropius,110,Grass/Flying,109,84,91,93,87,51,515,"Thick Fat, Solar Power",Harvest,,
Chingling,111,Psychic/Steel,45,30,50,65,50,45,285,Levitate,Toxic Debris,,
Chimecho,112,Psychic/Steel,75,50,90,100,95,65,475,Levitate,Toxic Debris,Level 20,
Absol,113,Dark,65,130,65,75,65,95,495,"Pressure, Super Luck",Sharpness,,
Snorunt,114,Ice,50,50,50,50,50,50,300,"Inner Focus, Ice Body",Moody,,
Glalie,115,Ice,90,80,100,80,90,80,520,"Strong Jaw, Ice Body",Moody,Level 32,
Froslass,116,Ice/Ghost,80,75,70,100,71,124,520,"Snow Cloak, Soul-Heart",Cursed Body ,Dawn Stone,
Spheal,117,Ice/Water,75,45,50,55,50,25,300,"Thick Fat, Fur Coat",Ice Scales,,
Sealeo,118,Ice/Water,95,60,70,80,70,45,420,"Thick Fat, Fur Coat",Ice Scales,Level 24,
Walrein,119,Ice/Water,120,85,90,100,90,65,550,"Thick Fat, Fur Coat",Ice Scales,Level 44,
Clamperl,120,Water,35,64,85,74,55,32,345,Shell Armor,Rattled,,
Huntail,121,Water/Dragon,55,119,105,94,75,57,505,Intimidate,Water Veil,Deep-Sea Tooth,
Gorebyss,122,Water/Fairy,75,74,105,114,85,52,505,Regenerator,Hydration ,Deep-Sea Scale,
Relicanth,123,Water/Rock,100,90,130,45,85,35,485,"Swift Swim, Rock Head",Last Survivor,,
Luvdisc,124,Water,53,30,55,95,70,137,440,"Swift Swim, Soul-Heart",Hydration ,,
Bagon,125,Dragon ,45,75,60,40,30,50,300,Rock Head,Sheer Force,,
Shelgon,126,Dragon,65,95,100,60,50,50,420,Rock Head,Overcoat,Level 30,
Salamence,127,Dragon/Flying,95,135,80,110,80,100,600,Intimidate,Moxie,Level 50,
Beldum,128,Steel/Psychic,40,55,80,35,60,30,300,Clear Body,Light Metal,,
Metang,129,Steel/Psychic,60,75,100,55,80,50,420,Clear Body,Light Metal,Level 20,
Metagross,130,Steel/Psychic,80,135,130,95,90,70,600,Clear Body,Light Metal,Level 45,
Regirock,131,Rock,80,100,200,50,100,50,580,Clear Body,Sturdy,,
Regice,132,Ice,80,50,100,100,200,50,580,Clear Body,Light Metal,,
Registeel,133,Steel,80,75,150,75,150,50,580,Clear Body,Ice Body,,
Latias,134,Dragon/Psychic,80,80,90,110,130,110,600,Levitate,N/A,,
Latios,135,Dragon/Psychic,80,90,80,130,110,110,600,Levitate,N/A,,
Kyogre,136,Water,100,100,90,150,140,90,670,Drizzle,N/A,,
Groudon,137,Ground,100,150,140,100,90,90,670,Drought,N/A,,
Rayquaza,138,Dragon/Flying,105,150,90,150,90,95,680,Air Lock,N/A,,
Jirachi,139,Steel/Psychic,100,100,100,100,100,100,600,Serene Grace,N/A,,
Deoxys,140,Psychic,50,150,50,150,50,150,600,Pressure,N/A,,
Bulbasaur,141,Grass/Poison,45,49,49,65,65,45,318,"Overgrow, Chlorophyll",Thick Fat,,
Ivysaur,142,Grass/Poison,60,62,63,80,80,60,405,"Overgrow, Chlorophyll",Thick Fat,Level 16,
Venusaur,143,Grass/Poison,80,82,83,100,100,80,525,"Overgrow, Chlorophyll",Thick Fat,Level 32,
Charmander,144,Fire,39,52,43,60,50,65,309,"Blaze, Solar Power",Drought,,
Charmeleon,145,Fire,58,64,58,80,65,80,405,"Blaze, Solar Power",Drought,Level 16,
Charizard,146,Fire/Flying,78,84,78,109,85,100,534,"Blaze, Solar Power",Drought,Level 36,
Squirtle,147,Water,44,48,65,50,64,43,314,"Torrent, Rain DIsh",Mega Launcher,,
Wartortle,148,Water,59,63,80,65,80,58,405,"Torrent, Rain DIsh",Mega Launcher,Level 16,
Blastoise,149,Water/Steel,79,83,100,85,105,78,530,"Torrent, Rain DIsh",Mega Launcher,Level 36,
Caterpie,150,Bug,45,30,35,20,20,45,195,Shield Dust,Run Away ,,
Metapod,151,Bug,50,20,55,25,25,30,205,Shed Skin,N/A,Level 7,
Butterfree,152,Bug/Psychic,60,45,50,95,80,75,405,Compound Eyes,Tinted Lens ,Level 10,
Weedle,153,Bug/Poison,40,35,30,20,20,50,195,Shield Dust,Run Away ,,
Kakuna,154,Bug/Poison,45,25,50,25,25,35,205,Shed Skin,N/A,Level 7,
Beedrill,155,Bug/Poison,65,95,40,45,80,80,405,Swarm,Sniper,Level 10,
Pidgey,156,Flying ,40,45,40,35,35,56,251,"Keen Eye, Big Pecks",No Guard,,
Pidgeotto,157,Flying,68,60,55,50,55,71,359,"Keen Eye, Big Pecks",No Guard,Level 18,
Pidgeot,158,Flying,88,80,80,70,75,101,494,"Keen Eye, Big Pecks",No Guard,Level 36,
Rattata,159,Normal,30,56,35,25,35,72,253,"Run Away, Guts",Hustle,,
Raiticate,160,Normal,55,81,60,50,70,97,413,"Run Away, Guts",Hustle,Level 20,
Spearow,161,Normal/Flying,40,60,30,31,31,70,262,Technician,Sniper,,
Fearow,162,Normal/Flying,65,90,70,51,66,100,442,Technician,Sniper,Level 20,
Ekans,163,Poison/Dark,35,60,44,40,54,55,288,"Intimidate, Shed Skin",Strong Jaw,,
Arbok,164,Poison/Dark,70,95,74,65,79,80,463,"Intimidate, Shed Skin",Strong Jaw,Level 22,
Pichu,165,Electric,20,40,15,35,35,60,205,Static ,Lightning Rod,,
Pikachu,166,Electric,35,55,40,50,50,90,320,Static,Lightning Rod,Level 15,
Raichu,167,Electric,70,90,55,90,80,120,505,Static,Lightning Rod,Thunder Stone,
Sandshrew,168,Ground,50,75,85,20,30,40,300,"Sand Veil, Sand Rush",Earth Eater,,
Sandslash,169,Ground,85,100,110,45,55,65,460,"Sand Veil, Sand Rush",Earth Eater,Level 22,
Nidoran - F,170,Poison,55,47,52,40,40,41,275,"Poison Point, Rivalry",Hustle,,
Nidorina,171,Poison,70,62,67,55,55,56,365,"Poison Point, Rivalry",Hustle,Level 16,
Nidoqueen,172,Poison/Ground,90,92,87,75,85,76,505,"Poison Point, Rivalry",Sheer Force,Moon Stone,
Nidoran - M,173,Poison,46,57,40,40,40,50,273,"Poison Point, Rivalry",Hustle,,
Nidorino,174,Poison,61,72,57,55,55,65,365,"Poison Point, Rivalry",Hustle,Level 16,
Nidoking,175,Poison/Ground,81,102,77,85,75,85,505,"Poison Point, Rivalry",Sheer Force,Moon Stone,
Cleffa,176,Fairy,50,25,28,45,55,15,218,"Cute Charm, Magic Guard",Friend Guard,,
Clafairy,177,Fairy,70,45,48,60,65,35,323,"Cute Charm, Magic Guard",Friend Guard,Level with High Friendship,
Clefable,178,Fairy,95,70,73,95,90,60,483,"Cute Charm, Magic Guard",Unaware,Moon Stone ,
Vulpix,179,Fire/Fairy,38,41,40,65,60,65,309,Flash Fire,Drought,,
Ninetales,180,Fire/Fairy,73,76,75,101,96,100,521,Flash Fire,Drought,Fire Stone,
Igglybuff,181,Normal/Fairy,90,30,20,40,20,15,215,"Cute CHarm, Competitive",Huge Power,,
Jigglypuff,182,Normal/Fairy,115,45,25,45,25,20,275,"Cute CHarm, Competitive",Huge Power,Level with High Friendship,
Wigglytuff,183,Normal/Fairy,140,60,50,85,55,45,435,"Cute Charm, Competitive",Huge Power,Moon Stone ,
Zubat,184,Poison/Flying,40,45,35,30,40,55,245,Inner Focus ,Infiltrator,,
Golbat,185,Poison/Flying,75,80,70,65,75,90,455,Inner Focus,Infiltrator,Level 22,
Crobat,186,Poison/Flying,85,90,80,70,80,130,535,Inner Focus,Infiltrator,Level with High Friendship,
Oddish,187,Grass/Poison,45,50,55,75,65,30,320,Chlorophyll,Run Away,,
Gloom,188,Grass/Poison,60,65,70,85,75,40,395,Chlorophyll,Stench ,Level 21,
Vileplume,189,Grass/Poison,75,80,85,110,90,50,490,Chlorophyll,Effect Spore,Leaf Stone,
Bellossom,190,Grass/Fairy,75,80,95,90,100,50,490,Chlorophyll,Healer,Sun Stone,
Paras,191,Bug/Grass,35,70,55,45,55,25,285,"Effect Spore, Damp",Poison Touch,,
Parasect,192,Bug/Ghost,70,95,85,60,85,30,425,"Effect Spore, Damp",Poison Touch,Level 24,
Venonat,193,Bug/Poison,60,55,50,40,55,45,305,"Compound Eyes, Tinted Lens",Run Away,,
Venomoth,194,Bug/Poison,70,65,60,90,75,100,460,"Compound Eyes, Tinted Lens",Wonder Skin,Level 31,
Diglett,195,Ground,10,55,25,35,45,95,265,"Sand Veil, Arena Trap",Sand Force,,
Dugtrio,196,Ground,35,100,50,50,70,120,425,"Sand Veil, Arena Trap",Sand Force,Level 26,
Meowth,197,Normal,40,50,35,45,40,90,300,"Pickup, Technician",Unnerve,,
Persian,198,Normal,75,75,60,70,65,115,460,"Limber, Technician",Unnerve,Level 28,
Psyduck,199,Water,50,52,48,65,50,55,320,"Damp, Cloud Nine",Soundproof,,
Golduck,200,Water/Psychic,80,82,78,95,80,85,500,"Damp, Cloud Nine",Punk Rock,Level 27,
Mankey ,201,Fighting,40,80,35,35,45,70,305,"Vital Spirit, Anger Point",Gorilla Tactics,,
Primeape,202,Fighting,65,105,60,60,70,95,455,"Vital Spirit, Anger Point",Gorilla Tactics,Level 28,
Annihilape,203,Fighting/Ghost,110,115,80,50,90,90,535,"Vital Spriit, Inner Focus",Gorilla Tactics,Level after using Rage Fist 20 times,
Growlithe,204,Fire,55,70,45,70,50,60,350,"Intimidate, Flash Fire",Fur Coat,,
Arcanine,205,Fire,90,110,75,100,80,100,555,"Intimidate, Flash Fire",Fur Coat,Fire Stone,
Poliwag,206,Water,40,50,40,40,40,90,300,"Water Absorb, Damp",Swift Swim,,
Poliwhirl,207,Water,65,65,65,50,50,90,385,"Water Absorb, Damp",Swift Swim,Level 25,
Poliwrath,208,Water/Fighting,95,110,95,65,90,70,525,"Water Absorb, Damp",Swift Swim,Water Stone,
Politoed,209,Water/Normal,100,75,75,95,100,70,515,"Water Absorb, Damp",Drizzle,King's Rock,
Abra,210,Psychic,25,20,15,105,55,90,310,"Synchronize, Inner Focus",Magic Guard,,
Kadabra,211,Psychic,40,35,30,120,70,105,400,"Synchronize, Inner Focus",Magic Guard,Level 16,
Alakazam,212,Psychic,55,50,45,135,95,120,500,"Synchronize, Inner Focus",Magic Guard,Linking Cord,
Machop,213,Fighting,70,80,50,35,35,35,305,"Guts, No Gaurd",Steadfast,,
Machoke,214,Fighting,80,100,70,50,60,45,405,"Guts, No Gaurd",Steadfast,Level 28,
Machamp,215,Fighting,90,130,80,65,85,55,505,"Guts, No Gaurd",Steadfast,Linking Cord,
Bellsprout,216,Grass/Poison,50,75,35,70,30,40,300,"Chlorophyll, Adaptability",Gluttony,,
Weepinbell,217,Grass/Poison,65,90,50,85,45,55,390,"Chlorophyll, Adaptability",Gluttony,Level 21,
Victreebell,218,Grass/Poison,80,105,65,100,70,70,490,"Chlorophyll, Adaptability",Gluttony,Leaf Stone,
Tentacool,219,Water/Poison,40,40,35,50,100,70,335,"Clear Body, Liquid Ooze",Rain Dish,,
Tentacruel,220,Water/Poison,80,70,65,80,120,100,515,"Clear Body, Liquid Ooze",Rain Dish,Level 30,
Geodude,221,Rock/Ground,40,80,100,30,30,20,300,"Rock Head, Sturdy",Sand Veil,,
Graveler,222,Rock/Ground,55,95,115,45,45,35,390,"Rock Head, Sturdy",Sand Veil,Level 25,
Golem,223,Rock/Ground,80,120,130,55,65,45,495,"Rock Head, Sturdy",Sand Veil,Linking Cord ,
Ponyta,224,Fire,50,85,55,65,65,90,410,"Run Away, Flash FIre",Flame Body,,
Rapidash,225,Fire,65,100,70,80,80,115,510,"Run Away, Flash FIre",Flame Body,Level 40,
Slowpoke,226,Water/Psychic,90,65,65,40,40,15,315,"Oblivious, Own Tempo",Regenerator,,
Slowbro,227,Water/Psychic,95,75,110,100,90,30,500,"Oblivious, Own Tempo",Regenerator,Level 37,
Slowking,228,Water/Psychic,105,75,80,100,110,30,500,"Oblivious, Own Tempo",Regenerator,King's Rock,
Magnemite,229,Electric/Steel,25,35,70,95,55,45,325,"Magnet Pull, Sturdy",Analytic,,
Magneton,230,Electric/Steel,50,60,95,120,70,70,465,"Magnet Pull, Sturdy",Analytic,Level 30,
Magnezone,231,Electric/Steel,70,70,115,130,90,60,535,"Magnet Pull, Sturdy",Analytic,"Thunder Stone, or Level in New Mauville",
Farfetch'd,232,Fighting/Flying,57,95,70,58,68,85,433,"Keen Eye, Inner Focus",Defiant,,
Doduo,233,Ground/Flying,35,85,45,35,35,75,310,"Run Away, Early Bird",Intimidate,,
Dodrio,234,Ground/Flying,70,110,70,60,60,110,480,"Run Away, Early Bird",Intimidate,Level 31,
Seel,235,Water,70,45,55,45,65,45,325,"Thick Fat, Ice Scales",Ice Body,,
Dewgong,236,Water/Ice,105,75,80,75,90,65,490,"Thick Fat, Ice Scales",Ice Body,Level 34,
Grimer,237,Poison,80,80,50,40,50,25,325,"Stench, Sticky Hold",Poison Touch,,
Muk,238,Poison,105,105,75,65,100,50,500,"Stench, Sticky Hold",Poison Touch,Level 34,
Shellder,239,Water,30,65,100,45,25,40,305,"Shell Armor, Skill Link",Overcoat,,
Cloyster,240,Water/Ice,50,95,180,85,50,70,530,"Shell Armor, Skill Link",Overcoat,Water Stone,
Gastly,241,Ghost/Poison,30,35,30,100,35,80,310,Levitate,N/A,,
Haunter,242,Ghost/Poison,45,50,45,115,55,95,405,Levitate,N/A,Level 25,
Gengar,243,Ghost/Poison,60,65,60,130,75,110,500,Levitate,N/A,Linking Cord,
Onix,244,Rock/Ground,35,60,160,30,45,70,400,"Rock Head, Sturdy",Weak Armor,,
Drowzee,245,Psychic,60,48,45,43,90,42,328,"Insomnia, Forewarn",Inner Focus,,
Hypno,246,Psychic/Dark,90,73,70,73,115,67,488,"Insomnia, Forewarn",Nasty Surprise,Level 26,
Krabby,247,Water,30,105,90,25,25,50,325,"Hyper Cutter, Shell Armor",Sheer Force,,
Kingler,248,Water,55,130,115,50,60,75,485,"Hyper Cutter, Shell Armor",Sheer Force,Level 28,
Voltorb,249,Electric,40,30,50,55,55,100,330,"Soundproof, Static",Aftermath,,
Electrode,250,Electric,60,50,70,80,80,150,490,"Soundproof, Static",Aftermath,Level 30,
Exeggcute,251,Grass/Psychic,60,40,80,60,45,40,325,Chlorophyll,Harvest,,
Exeggutor,252,Grass/Psychic,105,95,85,125,75,55,540,Chlorophyll,Harvest,Leaf Stone ,
Cubone,253,Ground,50,50,95,40,50,35,320,"Rock Head, Skill Link",Battle Armor,,
Marowak,254,Ground,75,80,110,50,85,45,445,"Rock Head, Skill Link",Battle Armor,Level 28,
Tyrogue,255,Fighting,35,45,45,35,35,35,230,"Guts, Steadfast",Vital Spirit,,
Hitmonlee,256,Fighting,60,120,53,35,110,87,465,"Limber, Long Reach",Reckless,"Lv 20, Attack > Defense",
Hitmonchan,257,Fighting,60,105,79,35,110,76,465,"Keen Eye, Iron Fist",Inner Focus,"Lv 20, Attack < Defense",
Hitmontop,258,Fighting,60,95,95,35,110,70,465,"Intimidate, Technician",Steadfast,"Lv 20, Attack = Defense",
Lickitung,259,Normal,90,55,75,60,75,30,385,"Own Tempo, Oblivious",Cloud Nine,,
Lickilicky,260,Normal,110,85,95,80,95,50,515,"Own Tempo, Oblivious",Cloud Nine,Level knowing Rollout,
Koffing,261,Poison,40,65,95,60,45,35,340,"Levitate, Neutralizing Gas",Stench ,,
Wheezing,262,Poison,65,90,120,95,70,60,500,"Levitate, Neutralizing Gas",Stench ,Level 35,
Rhyhorn,263,Ground/Rock,80,85,95,30,30,25,345,"Lightning Rod, Rock Head",Reckless,,
Rhydon,264,Ground/Rock,105,130,120,45,45,40,485,"Lightning Rod, Rock Head",Reckless,Level 42,
Rhyperior,265,Ground/Rock,115,140,130,55,55,40,535,"Lightning Rod, Solid Rock",Reckless,Protector,
Happiny,266,Normal,100,5,5,15,65,30,220,"Natural Cure, Serene Grace",Friend Guard,,
Chansey,267,Normal,250,5,5,35,105,50,450,"Natural Cure, Serene Grace",Healer,Oval Stone,
Blissey,268,Normal,255,10,10,75,135,55,540,"Natural Cure, Serene Grace",Healer,Level with High Friendship,
Tangela,269,Grass,65,55,115,100,40,60,435,"Chlorophyll, Leaf Guard",Regenerator,,
Tangrowth,270,Grass,100,100,125,110,50,50,535,"Chlorophyll, Leaf Guard",Regenerator,Level while knowing Ancient Power,
Kangaskhan,271,Normal,105,115,85,40,85,80,510,"Early Bird, Scrappy",Parental Bond,,
Horsea,272,Water,30,40,70,70,25,60,295,"Swift Swim, Sniper",Mega Launcher,,
Seadra,273,Water,55,65,95,95,45,85,440,"Poison Point, Sniper",Mega Launcher,Level 32,
Kingdra,274,Water/Dragon,80,85,95,110,95,75,540,"Swift Swim, Sniper",Mega Launcher,Dragon Scale,
Goldeen,275,Water,65,67,60,35,50,63,340,"Swift Swim, Sharpness",Lightning Rod,,
Seaking,276,Water,100,102,70,65,85,48,470,"Swift Swim, Sharpness",Lightning Rod,Level 33,
Staryu,277,Water,30,45,55,70,55,85,340,"Illuminate, Natural Cure",Analytic,,
Starmie,278,Water/Psychic,60,75,85,100,85,115,520,"Illuminate, Natural Cure",Analytic,Water Stone,
Mime Jr.,279,Psychic/Fairy,20,25,45,70,90,60,310,"Soundproof, Filter",Technician,,
Mr. Mime,280,Psychic/Fairy,40,45,65,100,120,90,460,"Soundproof, Filter",Technician,Level while knowing Mimic,
Scyther,281,Bug/Flying,70,110,80,55,80,105,500,"Swarm, Technician",Steadfast,,
Scizor,282,Bug/Steel,70,130,100,55,80,65,500,"Swarm, Technician",Light Weight,Metal Coat,
Kleavor,283,Bug/Rock,70,135,100,45,75,75,500,"Swarm, Technician",Sharpness,Black Augurite,
Smoochum,284,Ice/Psychic,45,30,15,85,65,65,305,"Oblivious, Forewarn",Hydration,,
Jynx,285,Ice/Psychic,75,50,35,115,95,90,460,"Oblivious, Forewarn",Dry Skin,Level 30,
Elekid,286,Electric,45,63,37,65,55,95,360,Static,Vital Spirit,,
Electabuzz,287,Electric,65,95,57,83,85,105,490,Static,Vital Spirit,Level 30,
Electivire,288,Electric/Fighting,75,123,67,95,85,95,540,Motor Drive,Vital Spirit,Electirizer,
Magby,289,Fire,45,75,37,70,55,83,365,Flame Body,Vital Spirit,,
Magmar,290,Fire,65,95,57,100,85,93,495,Flame Body,Vital Spirit,Level 30,
Magmortar,291,Fire/Dark,75,95,67,125,95,83,540,Flame Body,Vital Spirit,Magmarizer,
Pinsir,292,Bug,65,125,110,55,70,85,510,"Hyper Cutter, Mold Breaker",Moxie,,
Tauros,293,Normal,75,110,95,40,70,110,500,"Intimidate, Anger Point",Sheer Force,,
Magikarp,294,Water,20,10,55,15,20,80,200,Swift Swim,Rattled,,
Gyarados,295,Water/Flying,95,125,79,60,100,81,540,Intimidate,Moxie,Level 20,
Lapras,296,Water/Ice,130,75,80,95,95,60,535,"Water Absorb, Shell Armor",Hydration,,
Ditto,297,Normal,48,48,48,48,48,48,288,Limber,Imposter,,
Eevee,298,Normal,55,55,50,45,65,55,325,"Run Away, Adaptability",Anticipation,,
Vaporeon,299,Water,135,65,65,110,95,65,535,"Water Absorb, Adaptability",Hydration,Water Stone,
Jolteon,300,Electric,65,95,65,115,65,130,535,"Volt Absorb, Adaptability",Athletic,Thunder Stone,
Flareon,301,Fire,75,130,60,95,110,65,535,"Flash Fire, Adaptability",Athletic,Fire Stone,
Espeon,302,Psychic,75,65,60,130,95,110,535,"Synchronize, Adaptability",Magic Bounce,Sun Stone,
Umbreon,303,Dark,95,70,110,65,130,65,535,"Synchronize, Adaptability",Inner Focus,Moon Stone,
Leafeon,304,Grass,70,110,130,60,70,95,535,"Leaf Guard, Adaptability",Chloropyhll,Leaf Stone,
Glaceon,305,Ice,65,60,110,130,95,75,535,"Snow Cloak, Adaptability",Ice Body,Ice Stone,
Sylveon,306,Fairy,105,65,65,110,130,60,535,"Cute Charm, Adaptability",Pixilate,Shiny Stone,
Porygon,307,Normal,65,60,70,85,75,40,395,"Trace, Download",Analytic,,
Porygon2,308,Normal,85,80,90,105,95,60,515,"Trace, Download",Analytic,Upgrade,
Porygon-Z,309,Normal/Electric,85,80,70,135,75,90,535,"Adaptability, Download",Analytic,Dubious Disc,
Omanyte,310,Rock/Water,35,50,100,80,55,35,355,"Skill Link, Shell Armor",Weak Armor,,
Omastar,311,Rock/Water,70,70,125,105,70,55,495,"Skill Link, Shell Armor",Weak Armor,Level 40,
Kabuto,312,Rock/Water,30,80,90,55,45,55,355,"Sharpness, Battle Armor",Weak Armor,,
Kabutops,313,Rock/Water,60,120,105,60,70,80,495,"Sharpness, Battle Armor",Weak Armor,Level 40,
Aerodactyl,314,Rock/Flying,80,105,65,60,75,130,515,"Rock Head, Pressure",Strong Jaw,,
Munchlax,315,Normal,135,85,40,40,85,5,390,"Pickup, Thick Fat",Gluttony,,
Snorlax,316,Normal,160,110,65,65,110,30,540,"Immunity, Thick Fat",Gluttony,Level with High Friendship,
Articuno,317,Ice/Flying,90,95,100,105,125,85,600,Pressure,Snow Cloak,,
Zapdos,318,Electric/Flying,90,100,85,135,90,100,600,Pressure,Static,,
Moltres,319,Fire/Flying,90,110,90,135,85,90,600,Pressure,Flame Body,,
Dratini,320,Dragon,41,64,45,50,50,50,300,Shed Skin,Marvel Scale,,
Dragonair,321,Dragon,61,84,65,84,70,76,440,Shed Skin,Marvel Scale,Level 30 ,
Dragonite,322,Dragon/Flying,91,134,95,100,100,80,600,Inner Focus,Multiscale,Level 55,
Mewtwo,323,Psychic,106,110,90,154,90,130,680,Pressure,Unnerve,,
Mew,324,Psychic,100,100,100,100,100,100,600,Soul-Heart,N/A,,
Chikorita,325,Grass,50,49,65,49,65,45,323,"Overgrow, Thick Fat",Triage,,
Bayleef,326,Grass,70,62,80,63,80,60,415,"Overgrow, Thick Fat",Triage,Level 16,
Meganium,327,Grass/Fairy,100,82,100,83,100,80,545,"Overgrow, Thick Fat",Triage,Level 32,
Cyndaquil,328,Fire,39,52,48,60,50,65,314,"Blaze, Flash Fire",Stamina,,
Quilava,329,Fire,58,64,63,80,70,80,415,"Blaze, Flash Fire",Stamina,Level 14,
Typhloshion,330,Fire/Ground,83,90,88,103,95,100,559,"Blaze, Flash Fire",Stamina,Level 36,
Totodile,331,Water,50,70,64,44,48,43,319,"Torrent, Strong Jaw",Sheer Force,,
Croconaw,332,Water,65,90,80,59,63,58,415,"Torrent, Strong Jaw",Sheer Force,Level 18,
Feraligatr,333,Water/Dark,90,121,100,79,88,72,550,"Torrent, Strong Jaw",Sheer Force,Level 30,
Sentret,334,Normal,35,46,34,35,45,20,215,"Run Away, Keen Eye",Fur Coat,,
Furret,335,Normal,95,81,69,45,70,90,450,"Run Away, Keen Eye",Fur Coat,Level 15,
Hoothoot,336,Normal/Flying,60,30,30,41,56,50,267,"Analytic, Keen Eye",Tinted Lens,,
Noctowl,337,Ghost/Flying,100,50,55,86,101,65,457,"Analytic, Keen Eye",Tinted Lens,Level 20,
Ledyba,338,Bug/Flying,40,40,45,20,75,55,275,"Swarm, Iron Fist",Technician,,
Ledian,339,Bug/Flying,55,75,80,35,100,85,430,"Swarm, Iron Fist",Technician,Level 18,
Spinarak,340,Bug/Poison,40,60,40,40,40,30,250,"Swarm, Insomnia",Sniper,,
Ariados,341,Bug/Poison,90,100,70,60,70,40,430,"Swarm, Insomnia",Sniper,Level 22,
Chinchou,342,Water/Electric,75,38,43,61,56,57,330,"Volt Absorb, Illuminate",Water Absorb,,
Lanturn,343,Water/Electric,125,58,63,81,76,62,465,"Volt Absorb, Illuminate",Water Absorb,Level 27,
Togepi,344,Fairy,35,20,65,40,65,20,245,Serene Grace,Super Luck,,
Togetic,345,Fairy/Flying,65,40,85,80,105,40,415,Serene Grace,Super Luck,Level with High Friendship,
Togekiss,346,Fairy/Flying,95,50,95,120,115,80,555,Serene Grace,Super Luck,Shiny Stone,
Natu,347,Psychic/Flying,40,50,45,70,45,70,320,"Synchronize, Early Bird",Magic Bounce,,
Xatu,348,Psychic/Flying,75,75,70,100,70,95,485,"Synchronize, Early Bird",Magic Bounce,Level 25,
Mareep,349,Electric,55,40,40,65,45,35,280,Static,Dazzling,,
Flaafy,350,Electric,70,55,55,80,60,45,365,Static,Dazzling,Level 15,
Ampharos,351,Electric,90,75,85,115,90,55,510,Static,Dazzling,Level 30,
Azurill,352,Normal/Fairy,50,20,40,20,40,20,190,"Thick Fat, Huge Power",Sap Sipper,,
Marill,353,Water/Fairy,70,25,50,20,50,40,255,"Thick Fat, Huge Power",Sap Sipper,Level with High Friendship,
Azumarill,354,Water/Fairy,100,50,80,60,80,50,420,"Thick Fat, Huge Power",Sap Sipper,Level 18,
Bonsly,355,Rock,50,80,95,10,45,10,290,"Sturdy, Rock Head",Solid Rock,,
Sudowoodo,356,Rock,70,100,115,30,65,30,410,"Sturdy, Rock Head",Solid Rock,Level while knowing Mimic,
Hoppip,357,Grass/Flying,35,35,40,35,55,50,250,"Chlorophyll, Leaf Guard",Hospitality ,,
Skiploom,358,Grass/Flying,65,45,50,45,65,80,350,"Chlorophyll, Leaf Guard",Hospitality,Level 18,
Jumpluff,359,Grass/Flying,85,55,85,55,100,100,480,"Chlorophyll, Leaf Guard",Hospitality ,Level 27,
Aipom,360,Normal,55,70,55,40,55,85,360,"Technician, Pickup",Skill Link,,
Ambipom,361,Normal,75,100,66,60,66,115,482,"Technician, Pickup",Skill Link,Level while knowing Double Hit,
Sunkern,362,Grass,50,30,40,30,40,30,220,"Chlorophyll, Solar Power",Drought,,
Sunflora,363,Grass/Fire,90,55,55,115,85,30,430,"Chlorophyll, Solar Power",Drought,Sun Stone,
Yanma,364,Bug/Flying,65,65,45,80,45,95,395,"Speed Boost, Compound Eyes",Wind Rider,,
Yanmega,365,Bug/Dragon,86,86,86,116,56,95,525,"Speed Boost, Tinted Lens",Wind Rider,Level while knowing Ancient Power,
Wooper,366,Water/Ground,60,45,45,25,25,15,215,"Damp, Water Absorb",Unaware,,
Quagsire,367,Water/Ground,115,85,85,65,65,35,450,"Damp, Water Absorb",Unaware,Level 20,
Murkrow,368,Dark/Flying,65,85,42,85,42,91,410,"Insomnia, Super Luck",Prankster,,
Honchkrow,369,Dark/Flying,100,125,52,105,52,71,505,"Moxie, Super Luck",Prankster,Dusk Stone,
Misdreavus,370,Ghost,60,60,60,85,85,85,435,Levitate,N/A,,
Mismagius,371,Ghost/Fairy,70,60,60,105,105,95,495,Levitate,N/A,Dusk Stone,
Unown,372,Psychic,58,82,58,82,58,58,396,Levitate,N/A,,
Wynaut,373,Psychic,95,23,48,23,48,23,260,Shadow Tag,Telepathy,,
Wobbufett,374,Psychic,190,33,58,33,58,33,405,Shadow Tag,Telepathy,Level 15,
Girafarig,375,Normal/Psychic,70,80,65,90,65,85,455,"Inner Focus, Early Bird",Sap Sipper,,
Farigaraf,376,Normal/Psychic,120,90,70,110,70,60,520,"Cud Chew, Armor Tail",Sap Sipper,Level while knowing Twin Beam,
Pineco,377,Bug,50,65,90,35,35,15,290,Sturdy ,Overcoat,,
Forretress,378,Bug/Steel,75,90,140,60,60,40,465,Sturdy,Overcoat,Level 29,
Dunsparce,379,Normal,100,70,70,65,65,45,415,"Serene Grace, Run Away",Earth Eater,,
Dudunsparce,380,Normal,125,95,80,95,75,55,525,"Serene Grace, Run Away",Earth Eater,Level while knowing Hyper Drill,
Gligar,381,Ground/Flying,75,75,105,35,70,60,420,"Hyper Cutter, Sand Veil",Immunity,,
Gliscor,382,Ground/Flying,85,95,125,45,90,65,505,"Hyper Cutter, Sand Veil",Poison Heal,Razor Fang,
Steelix,383,Steel/Ground,75,85,200,55,65,30,510,"Rock Head, Sturdy",Strong Jaw,Metal Coat,
Snubbull,384,Fairy,60,80,60,40,40,30,310,"Intimidate, Strong Jaw",Gorilla Tactics,,
Granbull,385,Fairy/Fighting,95,125,85,60,60,45,470,"Intimidate, Strong Jaw",Gorilla Tactics,Level 23,
Qwilfish,386,Water/Poison,75,95,90,55,65,75,455,"Poison Point, Rough Skin",Intimidate,,
Shuckle,387,Bug/Rock,20,20,230,20,230,5,525,"Sturdy, Gluttony",Contrary,,
Heracross,388,Bug/Fighting,85,125,95,40,95,80,520,"Swarm, Guts",Moxie,,
Sneasal,389,Dark/Ice,55,95,55,35,75,115,430,"Inner Focus, Keen Eye",Pickpocket,,
Weavile,390,Dark/Ice,70,120,65,45,85,125,510,Pressure,Pickpocket,Razor Claw,
Teddiursa,391,Normal,60,80,50,50,50,40,330,"Pickup, Quick Feet",Honey Gather,,
Ursaring,392,Normal,90,130,75,75,75,55,500,"Guts, Quick Feet",Unnerve,Level 30,
Ursaluna,393,Ground/Normal,130,140,105,45,80,50,550,"Guts, Bulletproof",Unnerve,Peat Block,
Slugma,394,Fire,55,40,45,75,45,20,280,"Magma Armor, Flame Body",Weak Armor,,
Magcargo,395,Fire/Rock,75,50,120,90,120,15,470,"Rocky Payload, Flame Body",Weak Armor,Level 38,
Swinub,396,Ice/Ground,60,50,40,30,30,50,260,"Oblivious, Thick Fat",Fur Coat,,
Piloswine,397,Ice/Ground,110,100,80,60,60,50,460,"Oblivious, Thick Fat",Fur Coat,Level 28,
Mamoswine,398,Ice/Ground,120,130,85,70,70,80,555,"Oblivious, Thick Fat",Fur Coat,Level while knowing Ancient Power,
Corsola,399,Water/Rock,65,55,95,65,95,35,410,"Skill Link, Natural Cure",Regenerator,,
Remoraid,400,Water,35,55,35,80,35,65,305,"Mega Launcher, Sniper",Moody,,
Octillery,401,Water/Fire,110,95,75,100,75,40,495,"Mega Launcher, Sniper",Moody,Level 27,
Delibird,402,Ice/Flying,85,80,45,80,45,75,410,"Vital Spirit, Hustle",Insomnia,,
Mantyke,403,Water/Flying,55,20,50,60,120,50,355,"Swift Swim, Water Absorb",Water Veil,,
Mantine,404,Water/Flying,95,40,70,80,140,70,495,"Swift Swim, Water Absorb",Water Veil,Level with Remoraid in the party,
Skarmory,405,Steel/Flying,65,90,140,40,70,70,475,"Gale Wings, Sturdy",Weak Armor,,
Houndour,406,Dark/Fire,45,60,30,80,50,70,335,"Unnerve, Flash Fire",Dark Aura,,
Houndoom,407,Dark/Fire,75,90,50,110,80,100,505,"Unnerve, Flash Fire",Dark Aura,Level 24,
Phanphy,408,Ground,90,60,65,40,50,40,345,"Pickup, Stamina",Sand Veil,,
Donphan,409,Ground,110,120,120,60,60,50,520,"Sturdy, Stamina",Sand Veil,Level 25,
Stantler,410,Normal,73,85,62,95,65,85,465,"Intimidate, Sap Sipper",Frisk,,
Wyrdeer,411,Normal/Psychic,103,100,72,110,75,65,525,"Intimidate, Sap Sipper",Fur Coat,Level after using Psyshield Bash 20 times,
Smeargle,412,Normal,85,60,50,60,60,65,380,"Own Tempo, Technician",Moody,,
Miltank,413,Normal,95,80,105,40,70,100,490,"Thick Fat, Scrappy",Sap Sipper,,
Raikou,414,Electric,90,85,75,115,100,115,580,Pressure,Inner Focus,,
Entei,415,Fire,115,115,85,90,75,100,580,Pressure,Inner Focus,,
Suicune,416,Water,100,75,115,90,115,85,580,Pressure,Inner Focus,,
Larvitar,417,Rock/Ground,50,64,50,45,50,41,300,Guts ,Sand Veil,,
Pupitar,418,Rock/Ground,70,84,70,65,70,51,410,Shed Skin,N/A,Level 30,
Tyranitar,419,Rock/Dark,100,134,110,95,100,61,600,Sand Stream,Earth Eater,Level 55,
Lugia,420,Psychic/Flying,106,90,130,90,154,110,680,Water Power,Multiscale,,
Ho-oh,421,Fire/Flying,106,130,90,110,154,90,680,Soul-Heart,Regenerator,,
Celebi,422,Psychic/Grass,100,100,100,100,100,100,600,"Natural Cure, Regenerator",N/A,,
Applin,423,Grass/Dragon,40,40,80,40,40,20,260,"Ripen, Gluttony",Bulletproof,,
Flapple,424,Grass/Dragon,70,114,80,95,60,91,510,"Ripen, Gluttony",Hustle,Tart Apple,
Appletun,425,Grass/Dragon,125,85,85,100,85,30,510,"Ripen, Gluttony",Thick Fat,Sweet Apple,
Dipplin,426,Grass/Dragon,90,80,110,95,80,40,495,"Supersweet Syrup, Gluttony",Sticky Hold,Candy Apple,
Hydrapple,427,Grass/Dragon,116,80,110,120,80,44,550,"Supersweet Syrup, Regenerator",Sticky Hold,Level 40,
Tinkatink,428,Fairy/Steel,50,45,45,35,64,58,297,"Mold Breaker, Unaware",Huge Power,,
Tinkatuff,429,Fairy/Steel,65,65,65,45,82,78,400,"Mold Breaker, Unaware",Huge Power,Level 24,
Tinkaton,430,Fairy/Steel,90,75,82,70,105,94,516,"Mold Breaker, Unaware",Huge Power,Level 38,
Spiky-eared Pichu,165,Electric,55,55,65,70,60,115,420,Technician,Lightning Rod,
Alolan Raichu,167,Electric/Psychic,70,85,50,95,85,120,505,Surge Surfer,Levitate,
Alolan Sandshrew,168,Ice/Steel,50,75,90,10,35,40,300,"Slush Rush, Snow Cloak",Ice Scales,
Alolan Sandslash,169,Ice/Steel,80,110,120,25,70,65,470,"Slush Rush, Snow Cloak",Ice Scales,Use Ice Stone
Alolan Vulpix,179,Ice/Fairy,38,41,40,60,65,65,309,Snow Cloak,Snow Warning,
Alolan Ninetales,180,Ice/Fairy,83,67,75,96,100,109,530,Snow Cloak,Snow Warning,Use Ice Stone
Alolan Diglett,195,Ground/Steel,10,55,30,35,45,90,265,"Tangling Hair, Sand Veil",Sand Force,
Alolan Dugtrio,196,Ground/Steel,35,100,65,50,75,110,435,"Tangling Hair, Sand Veil",Sand Force,Level 26
Alolan Meowth,197,Dark,40,45,35,50,40,90,300,"Pickup, Technician",Rattled,
Alolan Persian,198,Dark,85,75,60,80,65,115,480,"Fur Coat, Technician",Rattled,Level up with high friendship
Alolan Geodude,221,Rock/Electric,40,80,100,30,30,20,300,"Magnet Pull, Sturdy",Galvanize,
Alolan Graveler,222,Rock/Electric,55,95,115,45,45,35,390,"Magnet Pull, Sturdy",Galvanize,Level 25
Alolan Golem,223,Rock/Electric,85,120,130,55,65,45,500,"Magnet Pull, Sturdy",Galvanize,Use Linking Cord
Alolan Grimer,237,Poison/Dark,80,80,50,40,50,25,325,"Gluttony, Poison Touch",Power of Alchemy,
Alolan Muk,238,Poison/Dark,105,105,85,65,100,45,505,"Gluttony, Poison Touch",Power of Alchemy,Level 38
Alolan Exeggutor,252,Grass/Dragon,105,105,85,125,75,45,540,"Frisk, Long Reach",Harvest,
Alolan Marowak,254,Fire/Ghost,75,100,110,40,80,45,450,"Cursed Body, Lighting Rod",Rock Head,